;;;;;;;;;;;;x,,,,,,,,,,,,,
gtfo_on_title;Enable 'Release Vassal' decisions;;;;;;;;;;;;x,,
gtfo_on_desc;The Release Vassal decisions allow you to release vassals, and are otherwise kept hidden from view to avoid having them clutter up your decision list.;;;;;;;;;;;;x
gtfo_off_title;Disable 'Release Vassal' decisions;;;;;;;;;;;;x,,
gtfo_off_desc;Your decision list will now be uncluttered!;;;;;;;;;;;;x,,
gtfo_disabled_title;Deactivate 'Release Vassal' decisions;;;;;;;;;;;;x,,
gtfo_disabled_desc;The 'Release Vassal' decisions will disappear from this game session and won't reappear again. You won't be able to use these decisions again for this game.;;;;;;;;;;;;x,,
gtfo_ADU_title;Grant al-Andalus Independence;;;;;;;;;;;;x,,
gtfo_ADU_desc;We've had a good run, but it's time to end our rulership of al-Andalus: if you love something, let it go!;;;;;;;;;;;;x
gtfo_AFG_title;Grant Kabulistan Independence;;;;;;;;;;;;x,,
gtfo_AFG_desc;We've had a good run, but it's time to end our rulership of Kabulistan: if you love something, let it go!;;;;;;;;;;;;x
gtfo_ANA_title;Grant Anatolia Independence;;;;;;;;;;;;x,,
gtfo_ANA_desc;We've had a good run, but it's time to end our rulership of Anatolia: if you love something, let it go!;;;;;;;;;;;;x
gtfo_ARA_title;Grant Arabia Independence;;;;;;;;;;;;x,,
gtfo_ARA_desc;We've had a good run, but it's time to end our rulership of Arabia: if you love something, let it go!;;;;;;;;;;;;x
gtfo_ARG_title;Grant La Plata Independence;;;;;;;;;;;;x,,
gtfo_ARG_desc;We've had a good run, but it's time to end our rulership of La Plata: if you love something, let it go!;;;;;;;;;;;;x
gtfo_ARK_title;Grant Arakan Independence;;;;;;;;;;;;x,,
gtfo_ARK_desc;We've had a good run, but it's time to end our rulership of Arakan: if you love something, let it go!;;;;;;;;;;;;x
gtfo_ARM_title;Grant Armenia Independence;;;;;;;;;;;;x,,
gtfo_ARM_desc;We've had a good run, but it's time to end our rulership of Armenia: if you love something, let it go!;;;;;;;;;;;;x
gtfo_ASH_title;Grant Ashanti Independence;;;;;;;;;;;;x,,
gtfo_ASH_desc;We've had a good run, but it's time to end our rulership of Ashanti: if you love something, let it go!;;;;;;;;;;;;x
gtfo_ATM_title;Grant Antemoro Independence;;;;;;;;;;;;x,,
gtfo_ATM_desc;We've had a good run, but it's time to end our rulership of Antemoro: if you love something, let it go!;;;;;;;;;;;;x
gtfo_AUS_title;Grant Austria Independence;;;;;;;;;;;;x,,
gtfo_AUS_desc;We've had a good run, but it's time to end our rulership of Austria: if you love something, let it go!;;;;;;;;;;;;x
gtfo_AVA_title;Grant Pagan Independence;;;;;;;;;;;;x,,
gtfo_AVA_desc;We've had a good run, but it's time to end our rulership of Pagan: if you love something, let it go!;;;;;;;;;;;;x
gtfo_BAV_title;Grant Bavaria Independence;;;;;;;;;;;;x,,
gtfo_BAV_desc;We've had a good run, but it's time to end our rulership of Bavaria: if you love something, let it go!;;;;;;;;;;;;x
gtfo_BEN_title;Grant Benin Independence;;;;;;;;;;;;x,,
gtfo_BEN_desc;We've had a good run, but it's time to end our rulership of Benin: if you love something, let it go!;;;;;;;;;;;;x
gtfo_BLM_title;Grant Blambangan Independence;;;;;;;;;;;;x,,
gtfo_BLM_desc;We've had a good run, but it's time to end our rulership of Blambangan: if you love something, let it go!;;;;;;;;;;;;x
gtfo_BNG_title;Grant Palas Independence;;;;;;;;;;;;x,,
gtfo_BNG_desc;We've had a good run, but it's time to end our rulership of Palas: if you love something, let it go!;;;;;;;;;;;;x
gtfo_BNY_title;Grant Bunyoro Independence;;;;;;;;;;;;x,,
gtfo_BNY_desc;We've had a good run, but it's time to end our rulership of Bunyoro: if you love something, let it go!;;;;;;;;;;;;x
gtfo_BOH_title;Grant Bohemia Independence;;;;;;;;;;;;x,,
gtfo_BOH_desc;We've had a good run, but it's time to end our rulership of Bohemia: if you love something, let it go!;;;;;;;;;;;;x
gtfo_BRD_title;Grant Burundi Independence;;;;;;;;;;;;x,,
gtfo_BRD_desc;We've had a good run, but it's time to end our rulership of Burundi: if you love something, let it go!;;;;;;;;;;;;x
gtfo_BRG_title;Grant Burgundy Independence;;;;;;;;;;;;x,,
gtfo_BRG_desc;We've had a good run, but it's time to end our rulership of Burgundy: if you love something, let it go!;;;;;;;;;;;;x
gtfo_BRU_title;Grant Brunei Independence;;;;;;;;;;;;x,,
gtfo_BRU_desc;We've had a good run, but it's time to end our rulership of Brunei: if you love something, let it go!;;;;;;;;;;;;x
gtfo_BRZ_title;Grant Brazil Independence;;;;;;;;;;;;x,,
gtfo_BRZ_desc;We've had a good run, but it's time to end our rulership of Brazil: if you love something, let it go!;;;;;;;;;;;;x
gtfo_BSG_title;Grant Busoga Independence;;;;;;;;;;;;x,,
gtfo_BSG_desc;We've had a good run, but it's time to end our rulership of Busoga: if you love something, let it go!;;;;;;;;;;;;x
gtfo_BUG_title;Grant Buganda Independence;;;;;;;;;;;;x,,
gtfo_BUG_desc;We've had a good run, but it's time to end our rulership of Buganda: if you love something, let it go!;;;;;;;;;;;;x
gtfo_BUN_title;Grant Bundelkhand Independence;;;;;;;;;;;;x,,
gtfo_BUN_desc;We've had a good run, but it's time to end our rulership of Bundelkhand: if you love something, let it go!;;;;;;;;;;;;x
gtfo_CAM_title;Grant Khmer Independence;;;;;;;;;;;;x,,
gtfo_CAM_desc;We've had a good run, but it's time to end our rulership of Khmer: if you love something, let it go!;;;;;;;;;;;;x
gtfo_CAQ_title;Grant Casqui Independence;;;;;;;;;;;;x,,
gtfo_CAQ_desc;We've had a good run, but it's time to end our rulership of Casqui: if you love something, let it go!;;;;;;;;;;;;x
gtfo_CEB_title;Grant Cebu Independence;;;;;;;;;;;;x,,
gtfo_CEB_desc;We've had a good run, but it's time to end our rulership of Cebu: if you love something, let it go!;;;;;;;;;;;;x
gtfo_CHG_title;Grant Chagatai Independence;;;;;;;;;;;;x,,
gtfo_CHG_desc;We've had a good run, but it's time to end our rulership of Chagatai: if you love something, let it go!;;;;;;;;;;;;x
gtfo_CHL_title;Grant Chile Independence;;;;;;;;;;;;x,,
gtfo_CHL_desc;We've had a good run, but it's time to end our rulership of Chile: if you love something, let it go!;;;;;;;;;;;;x
gtfo_CKW_title;Grant Chokwe Independence;;;;;;;;;;;;x,,
gtfo_CKW_desc;We've had a good run, but it's time to end our rulership of Chokwe: if you love something, let it go!;;;;;;;;;;;;x
gtfo_CLM_title;Grant Colombia Independence;;;;;;;;;;;;x,,
gtfo_CLM_desc;We've had a good run, but it's time to end our rulership of Colombia: if you love something, let it go!;;;;;;;;;;;;x
gtfo_COL_title;Grant Portuguese Cascadia Independence;;;;;;;;;;;;x,,
gtfo_COL_desc;We've had a good run, but it's time to end our rulership of Portuguese Cascadia: if you love something, let it go!;;;;;;;;;;;;x
gtfo_COM_title;Grant Comanche Independence;;;;;;;;;;;;x,,
gtfo_COM_desc;We've had a good run, but it's time to end our rulership of Comanche: if you love something, let it go!;;;;;;;;;;;;x
gtfo_CRB_title;Grant British West Indies Independence;;;;;;;;;;;;x,,
gtfo_CRB_desc;We've had a good run, but it's time to end our rulership of British West Indies: if you love something, let it go!;;;;;;;;;;;;x
gtfo_CWU_title;Grant Wu Independence;;;;;;;;;;;;x,,
gtfo_CWU_desc;We've had a good run, but it's time to end our rulership of Wu: if you love something, let it go!;;;;;;;;;;;;x
gtfo_DAH_title;Grant Todo Independence;;;;;;;;;;;;x,,
gtfo_DAH_desc;We've had a good run, but it's time to end our rulership of Todo: if you love something, let it go!;;;;;;;;;;;;x
gtfo_DAR_title;Grant Darfur Independence;;;;;;;;;;;;x,,
gtfo_DAR_desc;We've had a good run, but it's time to end our rulership of Darfur: if you love something, let it go!;;;;;;;;;;;;x
gtfo_DEN_title;Grant Denmark Independence;;;;;;;;;;;;x,,
gtfo_DEN_desc;We've had a good run, but it's time to end our rulership of Denmark: if you love something, let it go!;;;;;;;;;;;;x
gtfo_DJA_title;Grant Jambi Independence;;;;;;;;;;;;x,,
gtfo_DJA_desc;We've had a good run, but it's time to end our rulership of Jambi: if you love something, let it go!;;;;;;;;;;;;x
gtfo_DLI_title;Grant Deli Independence;;;;;;;;;;;;x,,
gtfo_DLI_desc;We've had a good run, but it's time to end our rulership of Deli: if you love something, let it go!;;;;;;;;;;;;x
gtfo_DMK_title;Grant Demak Independence;;;;;;;;;;;;x,,
gtfo_DMK_desc;We've had a good run, but it's time to end our rulership of Demak: if you love something, let it go!;;;;;;;;;;;;x
gtfo_DOM_title;Grant Caraibas Independence;;;;;;;;;;;;x,,
gtfo_DOM_desc;We've had a good run, but it's time to end our rulership of Caraibas: if you love something, let it go!;;;;;;;;;;;;x
gtfo_EGY_title;Grant Fatimids Independence;;;;;;;;;;;;x,,
gtfo_EGY_desc;We've had a good run, but it's time to end our rulership of Fatimids: if you love something, let it go!;;;;;;;;;;;;x
gtfo_ENG_title;Grant Great Britain Independence;;;;;;;;;;;;x,,
gtfo_ENG_desc;We've had a good run, but it's time to end our rulership of Great Britain: if you love something, let it go!;;;;;;;;;;;;x
gtfo_ETH_title;Grant Abyssinia Independence;;;;;;;;;;;;x,,
gtfo_ETH_desc;We've had a good run, but it's time to end our rulership of Abyssinia: if you love something, let it go!;;;;;;;;;;;;x
gtfo_FEO_title;Grant Theodoro Independence;;;;;;;;;;;;x,,
gtfo_FEO_desc;We've had a good run, but it's time to end our rulership of Theodoro: if you love something, let it go!;;;;;;;;;;;;x
gtfo_FJL_title;Grant Lau Independence;;;;;;;;;;;;x,,
gtfo_FJL_desc;We've had a good run, but it's time to end our rulership of Lau: if you love something, let it go!;;;;;;;;;;;;x
gtfo_FJV_title;Grant Viti Levu Independence;;;;;;;;;;;;x,,
gtfo_FJV_desc;We've had a good run, but it's time to end our rulership of Viti Levu: if you love something, let it go!;;;;;;;;;;;;x
gtfo_FJW_title;Grant Vanua Levu Independence;;;;;;;;;;;;x,,
gtfo_FJW_desc;We've had a good run, but it's time to end our rulership of Vanua Levu: if you love something, let it go!;;;;;;;;;;;;x
gtfo_FRA_title;Grant France Independence;;;;;;;;;;;;x,,
gtfo_FRA_desc;We've had a good run, but it's time to end our rulership of France: if you love something, let it go!;;;;;;;;;;;;x
gtfo_GDW_title;Grant Cedis Independence;;;;;;;;;;;;x,,
gtfo_GDW_desc;We've had a good run, but it's time to end our rulership of Cedis: if you love something, let it go!;;;;;;;;;;;;x
gtfo_GUG_title;Grant Gugé Independence;;;;;;;;;;;;x,,
gtfo_GUG_desc;We've had a good run, but it's time to end our rulership of Gugé: if you love something, let it go!;;;;;;;;;;;;x
gtfo_HAN_title;Grant Hildesheim Independence;;;;;;;;;;;;x,,
gtfo_HAN_desc;We've had a good run, but it's time to end our rulership of Hildesheim: if you love something, let it go!;;;;;;;;;;;;x
gtfo_HAU_title;Grant Hausaland Independence;;;;;;;;;;;;x,,
gtfo_HAU_desc;We've had a good run, but it's time to end our rulership of Hausaland: if you love something, let it go!;;;;;;;;;;;;x
gtfo_HES_title;Grant Hesse Independence;;;;;;;;;;;;x,,
gtfo_HES_desc;We've had a good run, but it's time to end our rulership of Hesse: if you love something, let it go!;;;;;;;;;;;;x
gtfo_HLR_title;Grant Holy Roman Empire Independence;;;;;;;;;;;;x,,
gtfo_HLR_desc;We've had a good run, but it's time to end our rulership of Holy Roman Empire: if you love something, let it go!;;;;;;;;;;;;x
gtfo_HSE_title;Grant Hsenwi Independence;;;;;;;;;;;;x,,
gtfo_HSE_desc;We've had a good run, but it's time to end our rulership of Hsenwi: if you love something, let it go!;;;;;;;;;;;;x
gtfo_HUN_title;Grant Hungary Independence;;;;;;;;;;;;x,,
gtfo_HUN_desc;We've had a good run, but it's time to end our rulership of Hungary: if you love something, let it go!;;;;;;;;;;;;x
gtfo_HWH_title;Grant Hawai'i Independence;;;;;;;;;;;;x,,
gtfo_HWH_desc;We've had a good run, but it's time to end our rulership of Hawai'i: if you love something, let it go!;;;;;;;;;;;;x
gtfo_HWK_title;Grant Kaua'i Independence;;;;;;;;;;;;x,,
gtfo_HWK_desc;We've had a good run, but it's time to end our rulership of Kaua'i: if you love something, let it go!;;;;;;;;;;;;x
gtfo_HWM_title;Grant Maui Independence;;;;;;;;;;;;x,,
gtfo_HWM_desc;We've had a good run, but it's time to end our rulership of Maui: if you love something, let it go!;;;;;;;;;;;;x
gtfo_HWO_title;Grant O'ahu Independence;;;;;;;;;;;;x,,
gtfo_HWO_desc;We've had a good run, but it's time to end our rulership of O'ahu: if you love something, let it go!;;;;;;;;;;;;x
gtfo_JAP_title;Grant Japan Independence;;;;;;;;;;;;x,,
gtfo_JAP_desc;We've had a good run, but it's time to end our rulership of Japan: if you love something, let it go!;;;;;;;;;;;;x
gtfo_JNN_title;Grant Jenne Independence;;;;;;;;;;;;x,,
gtfo_JNN_desc;We've had a good run, but it's time to end our rulership of Jenne: if you love something, let it go!;;;;;;;;;;;;x
gtfo_KBO_title;Grant Kanem Independence;;;;;;;;;;;;x,,
gtfo_KBO_desc;We've had a good run, but it's time to end our rulership of Kanem: if you love something, let it go!;;;;;;;;;;;;x
gtfo_KIK_title;Grant Kikondja Independence;;;;;;;;;;;;x,,
gtfo_KIK_desc;We've had a good run, but it's time to end our rulership of Kikondja: if you love something, let it go!;;;;;;;;;;;;x
gtfo_KLD_title;Grant Kalundwe Independence;;;;;;;;;;;;x,,
gtfo_KLD_desc;We've had a good run, but it's time to end our rulership of Kalundwe: if you love something, let it go!;;;;;;;;;;;;x
gtfo_KNG_title;Grant Kong Independence;;;;;;;;;;;;x,,
gtfo_KNG_desc;We've had a good run, but it's time to end our rulership of Kong: if you love something, let it go!;;;;;;;;;;;;x
gtfo_KON_title;Grant Kongo Independence;;;;;;;;;;;;x,,
gtfo_KON_desc;We've had a good run, but it's time to end our rulership of Kongo: if you love something, let it go!;;;;;;;;;;;;x
gtfo_KOR_title;Grant Korea Independence;;;;;;;;;;;;x,,
gtfo_KOR_desc;We've had a good run, but it's time to end our rulership of Korea: if you love something, let it go!;;;;;;;;;;;;x
gtfo_KRW_title;Grant Karagwe Independence;;;;;;;;;;;;x,,
gtfo_KRW_desc;We've had a good run, but it's time to end our rulership of Karagwe: if you love something, let it go!;;;;;;;;;;;;x
gtfo_KSJ_title;Grant Kasanje Independence;;;;;;;;;;;;x,,
gtfo_KSJ_desc;We've had a good run, but it's time to end our rulership of Kasanje: if you love something, let it go!;;;;;;;;;;;;x
gtfo_KUB_title;Grant Kuba Independence;;;;;;;;;;;;x,,
gtfo_KUB_desc;We've had a good run, but it's time to end our rulership of Kuba: if you love something, let it go!;;;;;;;;;;;;x
gtfo_KWN_title;Grant Mong Kawng Independence;;;;;;;;;;;;x,,
gtfo_KWN_desc;We've had a good run, but it's time to end our rulership of Mong Kawng: if you love something, let it go!;;;;;;;;;;;;x
gtfo_KZB_title;Grant Kazembe Independence;;;;;;;;;;;;x,,
gtfo_KZB_desc;We've had a good run, but it's time to end our rulership of Kazembe: if you love something, let it go!;;;;;;;;;;;;x
gtfo_LAN_title;Grant Lanfang Independence;;;;;;;;;;;;x,,
gtfo_LAN_desc;We've had a good run, but it's time to end our rulership of Lanfang: if you love something, let it go!;;;;;;;;;;;;x
gtfo_LBA_title;Grant Luba Independence;;;;;;;;;;;;x,,
gtfo_LBA_desc;We've had a good run, but it's time to end our rulership of Luba: if you love something, let it go!;;;;;;;;;;;;x
gtfo_LNA_title;Grant Lan Na Independence;;;;;;;;;;;;x,,
gtfo_LNA_desc;We've had a good run, but it's time to end our rulership of Lan Na: if you love something, let it go!;;;;;;;;;;;;x
gtfo_LOM_title;Grant Lombardy Independence;;;;;;;;;;;;x,,
gtfo_LOM_desc;We've had a good run, but it's time to end our rulership of Lombardy: if you love something, let it go!;;;;;;;;;;;;x
gtfo_LUB_title;Grant Liubice Independence;;;;;;;;;;;;x,,
gtfo_LUB_desc;We've had a good run, but it's time to end our rulership of Liubice: if you love something, let it go!;;;;;;;;;;;;x
gtfo_LUC_title;Grant Lucca Independence;;;;;;;;;;;;x,,
gtfo_LUC_desc;We've had a good run, but it's time to end our rulership of Lucca: if you love something, let it go!;;;;;;;;;;;;x
gtfo_LUN_title;Grant Lunda Independence;;;;;;;;;;;;x,,
gtfo_LUN_desc;We've had a good run, but it's time to end our rulership of Lunda: if you love something, let it go!;;;;;;;;;;;;x
gtfo_LUX_title;Grant Luxembourg Independence;;;;;;;;;;;;x,,
gtfo_LUX_desc;We've had a good run, but it's time to end our rulership of Luxembourg: if you love something, let it go!;;;;;;;;;;;;x
gtfo_MBA_title;Grant Mombasa Independence;;;;;;;;;;;;x,,
gtfo_MBA_desc;We've had a good run, but it's time to end our rulership of Mombasa: if you love something, let it go!;;;;;;;;;;;;x
gtfo_MCK_title;Grant Manchu Independence;;;;;;;;;;;;x,,
gtfo_MCK_desc;We've had a good run, but it's time to end our rulership of Manchu: if you love something, let it go!;;;;;;;;;;;;x
gtfo_MEX_title;Grant Mexico Independence;;;;;;;;;;;;x,,
gtfo_MEX_desc;We've had a good run, but it's time to end our rulership of Mexico: if you love something, let it go!;;;;;;;;;;;;x
gtfo_MGD_title;Grant Maguindanao Independence;;;;;;;;;;;;x,,
gtfo_MGD_desc;We've had a good run, but it's time to end our rulership of Maguindanao: if you love something, let it go!;;;;;;;;;;;;x
gtfo_MIR_title;Grant Imerina Independence;;;;;;;;;;;;x,,
gtfo_MIR_desc;We've had a good run, but it's time to end our rulership of Imerina: if you love something, let it go!;;;;;;;;;;;;x
gtfo_MKA_title;Grant Makuria Independence;;;;;;;;;;;;x,,
gtfo_MKA_desc;We've had a good run, but it's time to end our rulership of Makuria: if you love something, let it go!;;;;;;;;;;;;x
gtfo_MKS_title;Grant Makassar Independence;;;;;;;;;;;;x,,
gtfo_MKS_desc;We've had a good run, but it's time to end our rulership of Makassar: if you love something, let it go!;;;;;;;;;;;;x
gtfo_MLC_title;Grant Malacca Independence;;;;;;;;;;;;x,,
gtfo_MLC_desc;We've had a good run, but it's time to end our rulership of Malacca: if you love something, let it go!;;;;;;;;;;;;x
gtfo_MLI_title;Grant Mali Independence;;;;;;;;;;;;x,,
gtfo_MLI_desc;We've had a good run, but it's time to end our rulership of Mali: if you love something, let it go!;;;;;;;;;;;;x
gtfo_MLW_title;Grant Maravi Independence;;;;;;;;;;;;x,,
gtfo_MLW_desc;We've had a good run, but it's time to end our rulership of Maravi: if you love something, let it go!;;;;;;;;;;;;x
gtfo_MOS_title;Grant Gur Independence;;;;;;;;;;;;x,,
gtfo_MOS_desc;We've had a good run, but it's time to end our rulership of Gur: if you love something, let it go!;;;;;;;;;;;;x
gtfo_MRT_title;Grant Maharastra Independence;;;;;;;;;;;;x,,
gtfo_MRT_desc;We've had a good run, but it's time to end our rulership of Maharastra: if you love something, let it go!;;;;;;;;;;;;x
gtfo_NAH_title;Grant Navajo Independence;;;;;;;;;;;;x,,
gtfo_NAH_desc;We've had a good run, but it's time to end our rulership of Navajo: if you love something, let it go!;;;;;;;;;;;;x
gtfo_NEP_title;Grant Palas Independence;;;;;;;;;;;;x,,
gtfo_NEP_desc;We've had a good run, but it's time to end our rulership of Palas: if you love something, let it go!;;;;;;;;;;;;x
gtfo_NET_title;Grant Netherlands Independence;;;;;;;;;;;;x,,
gtfo_NET_desc;We've had a good run, but it's time to end our rulership of Netherlands: if you love something, let it go!;;;;;;;;;;;;x
gtfo_NEW_title;Grant Canada Independence;;;;;;;;;;;;x,,
gtfo_NEW_desc;We've had a good run, but it's time to end our rulership of Canada: if you love something, let it go!;;;;;;;;;;;;x
gtfo_NKO_title;Grant Nkore Independence;;;;;;;;;;;;x,,
gtfo_NKO_desc;We've had a good run, but it's time to end our rulership of Nkore: if you love something, let it go!;;;;;;;;;;;;x
gtfo_NOR_title;Grant Norway Independence;;;;;;;;;;;;x,,
gtfo_NOR_desc;We've had a good run, but it's time to end our rulership of Norway: if you love something, let it go!;;;;;;;;;;;;x
gtfo_NUB_title;Grant Funj Independence;;;;;;;;;;;;x,,
gtfo_NUB_desc;We've had a good run, but it's time to end our rulership of Funj: if you love something, let it go!;;;;;;;;;;;;x
gtfo_OYO_title;Grant Oyo Independence;;;;;;;;;;;;x,,
gtfo_OYO_desc;We've had a good run, but it's time to end our rulership of Oyo: if you love something, let it go!;;;;;;;;;;;;x
gtfo_PAP_title;Grant The Papal State Independence;;;;;;;;;;;;x,,
gtfo_PAP_desc;We've had a good run, but it's time to end our rulership of The Papal State: if you love something, let it go!;;;;;;;;;;;;x
gtfo_PAT_title;Grant Pattani Independence;;;;;;;;;;;;x,,
gtfo_PAT_desc;We've had a good run, but it's time to end our rulership of Pattani: if you love something, let it go!;;;;;;;;;;;;x
gtfo_PER_title;Grant Persia Independence;;;;;;;;;;;;x,,
gtfo_PER_desc;We've had a good run, but it's time to end our rulership of Persia: if you love something, let it go!;;;;;;;;;;;;x
gtfo_PEU_title;Grant Peru Independence;;;;;;;;;;;;x,,
gtfo_PEU_desc;We've had a good run, but it's time to end our rulership of Peru: if you love something, let it go!;;;;;;;;;;;;x
gtfo_PGR_title;Grant Pagarruyung Independence;;;;;;;;;;;;x,,
gtfo_PGR_desc;We've had a good run, but it's time to end our rulership of Pagarruyung: if you love something, let it go!;;;;;;;;;;;;x
gtfo_PHG_title;Grant Pahang Independence;;;;;;;;;;;;x,,
gtfo_PHG_desc;We've had a good run, but it's time to end our rulership of Pahang: if you love something, let it go!;;;;;;;;;;;;x
gtfo_PIS_title;Grant Pisa Independence;;;;;;;;;;;;x,,
gtfo_PIS_desc;We've had a good run, but it's time to end our rulership of Pisa: if you love something, let it go!;;;;;;;;;;;;x
gtfo_PNJ_title;Grant Punjab Independence;;;;;;;;;;;;x,,
gtfo_PNJ_desc;We've had a good run, but it's time to end our rulership of Punjab: if you love something, let it go!;;;;;;;;;;;;x
gtfo_POL_title;Grant Poland Independence;;;;;;;;;;;;x,,
gtfo_POL_desc;We've had a good run, but it's time to end our rulership of Poland: if you love something, let it go!;;;;;;;;;;;;x
gtfo_POR_title;Grant Portugal Independence;;;;;;;;;;;;x,,
gtfo_POR_desc;We've had a good run, but it's time to end our rulership of Portugal: if you love something, let it go!;;;;;;;;;;;;x
gtfo_RUS_title;Grant Russia Independence;;;;;;;;;;;;x,,
gtfo_RUS_desc;We've had a good run, but it's time to end our rulership of Russia: if you love something, let it go!;;;;;;;;;;;;x
gtfo_RWA_title;Grant Rwanda Independence;;;;;;;;;;;;x,,
gtfo_RWA_desc;We've had a good run, but it's time to end our rulership of Rwanda: if you love something, let it go!;;;;;;;;;;;;x
gtfo_SAR_title;Grant Piedmonte Independence;;;;;;;;;;;;x,,
gtfo_SAR_desc;We've had a good run, but it's time to end our rulership of Piedmonte: if you love something, let it go!;;;;;;;;;;;;x
gtfo_SAX_title;Grant Saxony Independence;;;;;;;;;;;;x,,
gtfo_SAX_desc;We've had a good run, but it's time to end our rulership of Saxony: if you love something, let it go!;;;;;;;;;;;;x
gtfo_SGH_title;Grant Songhay Independence;;;;;;;;;;;;x,,
gtfo_SGH_desc;We've had a good run, but it's time to end our rulership of Songhay: if you love something, let it go!;;;;;;;;;;;;x
gtfo_SIA_title;Grant Ayutthaya Independence;;;;;;;;;;;;x,,
gtfo_SIA_desc;We've had a good run, but it's time to end our rulership of Ayutthaya: if you love something, let it go!;;;;;;;;;;;;x
gtfo_SIC_title;Grant Sicily Independence;;;;;;;;;;;;x,,
gtfo_SIC_desc;We've had a good run, but it's time to end our rulership of Sicily: if you love something, let it go!;;;;;;;;;;;;x
gtfo_SKA_title;Grant Sakalava Independence;;;;;;;;;;;;x,,
gtfo_SKA_desc;We've had a good run, but it's time to end our rulership of Sakalava: if you love something, let it go!;;;;;;;;;;;;x
gtfo_SMO_title;Grant Samoa Independence;;;;;;;;;;;;x,,
gtfo_SMO_desc;We've had a good run, but it's time to end our rulership of Samoa: if you love something, let it go!;;;;;;;;;;;;x
gtfo_SPA_title;Grant Spain Independence;;;;;;;;;;;;x,,
gtfo_SPA_desc;We've had a good run, but it's time to end our rulership of Spain: if you love something, let it go!;;;;;;;;;;;;x
gtfo_SWE_title;Grant Sweden Independence;;;;;;;;;;;;x,,
gtfo_SWE_desc;We've had a good run, but it's time to end our rulership of Sweden: if you love something, let it go!;;;;;;;;;;;;x
gtfo_SWI_title;Grant Switzerland Independence;;;;;;;;;;;;x,,
gtfo_SWI_desc;We've had a good run, but it's time to end our rulership of Switzerland: if you love something, let it go!;;;;;;;;;;;;x
gtfo_SYR_title;Grant Syria Independence;;;;;;;;;;;;x,,
gtfo_SYR_desc;We've had a good run, but it's time to end our rulership of Syria: if you love something, let it go!;;;;;;;;;;;;x
gtfo_TBK_title;Grant Tumbuka Independence;;;;;;;;;;;;x,,
gtfo_TBK_desc;We've had a good run, but it's time to end our rulership of Tumbuka: if you love something, let it go!;;;;;;;;;;;;x
gtfo_TDO_title;Grant Tondo Independence;;;;;;;;;;;;x,,
gtfo_TDO_desc;We've had a good run, but it's time to end our rulership of Tondo: if you love something, let it go!;;;;;;;;;;;;x
gtfo_TGA_title;Grant Tonga Independence;;;;;;;;;;;;x,,
gtfo_TGA_desc;We've had a good run, but it's time to end our rulership of Tonga: if you love something, let it go!;;;;;;;;;;;;x
gtfo_TLC_title;Grant Tlemcen Independence;;;;;;;;;;;;x,,
gtfo_TLC_desc;We've had a good run, but it's time to end our rulership of Tlemcen: if you love something, let it go!;;;;;;;;;;;;x
gtfo_TRT_title;Grant Tirhut Independence;;;;;;;;;;;;x,,
gtfo_TRT_desc;We've had a good run, but it's time to end our rulership of Tirhut: if you love something, let it go!;;;;;;;;;;;;x
gtfo_TTE_title;Grant Ternate Independence;;;;;;;;;;;;x,,
gtfo_TTE_desc;We've had a good run, but it's time to end our rulership of Ternate: if you love something, let it go!;;;;;;;;;;;;x
gtfo_TUS_title;Grant Tuscany Independence;;;;;;;;;;;;x,,
gtfo_TUS_desc;We've had a good run, but it's time to end our rulership of Tuscany: if you love something, let it go!;;;;;;;;;;;;x
gtfo_TYO_title;Grant Tyo Independence;;;;;;;;;;;;x,,
gtfo_TYO_desc;We've had a good run, but it's time to end our rulership of Tyo: if you love something, let it go!;;;;;;;;;;;;x
gtfo_UBH_title;Grant Buha Independence;;;;;;;;;;;;x,,
gtfo_UBH_desc;We've had a good run, but it's time to end our rulership of Buha: if you love something, let it go!;;;;;;;;;;;;x
gtfo_USA_title;Grant United States Independence;;;;;;;;;;;;x,,
gtfo_USA_desc;We've had a good run, but it's time to end our rulership of United States: if you love something, let it go!;;;;;;;;;;;;x
gtfo_UTS_title;Grant Tsang Independence;;;;;;;;;;;;x,,
gtfo_UTS_desc;We've had a good run, but it's time to end our rulership of Tsang: if you love something, let it go!;;;;;;;;;;;;x
gtfo_VEN_title;Grant Venice Independence;;;;;;;;;;;;x,,
gtfo_VEN_desc;We've had a good run, but it's time to end our rulership of Venice: if you love something, let it go!;;;;;;;;;;;;x
gtfo_VNZ_title;Grant Frisian Colombia Independence;;;;;;;;;;;;x,,
gtfo_VNZ_desc;We've had a good run, but it's time to end our rulership of Frisian Colombia: if you love something, let it go!;;;;;;;;;;;;x
gtfo_WBG_title;Grant East Franconia Independence;;;;;;;;;;;;x,,
gtfo_WBG_desc;We've had a good run, but it's time to end our rulership of East Franconia: if you love something, let it go!;;;;;;;;;;;;x
gtfo_WES_title;Grant Westfalen Independence;;;;;;;;;;;;x,,
gtfo_WES_desc;We've had a good run, but it's time to end our rulership of Westfalen: if you love something, let it go!;;;;;;;;;;;;x
gtfo_WIC_title;Grant Wichita Independence;;;;;;;;;;;;x,,
gtfo_WIC_desc;We've had a good run, but it's time to end our rulership of Wichita: if you love something, let it go!;;;;;;;;;;;;x
gtfo_WOL_title;Grant Djolof Independence;;;;;;;;;;;;x,,
gtfo_WOL_desc;We've had a good run, but it's time to end our rulership of Djolof: if you love something, let it go!;;;;;;;;;;;;x
gtfo_X00_title;Grant Wallonia-Flanders Independence;;;;;;;;;;;;x,,
gtfo_X00_desc;We've had a good run, but it's time to end our rulership of Wallonia-Flanders: if you love something, let it go!;;;;;;;;;;;;x
gtfo_X01_title;Grant Motu Independence;;;;;;;;;;;;x,,
gtfo_X01_desc;We've had a good run, but it's time to end our rulership of Motu: if you love something, let it go!;;;;;;;;;;;;x
gtfo_X02_title;Grant Swabia Independence;;;;;;;;;;;;x,,
gtfo_X02_desc;We've had a good run, but it's time to end our rulership of Swabia: if you love something, let it go!;;;;;;;;;;;;x
gtfo_X03_title;Grant Dagombas Independence;;;;;;;;;;;;x,,
gtfo_X03_desc;We've had a good run, but it's time to end our rulership of Dagombas: if you love something, let it go!;;;;;;;;;;;;x
gtfo_X04_title;Grant Anbiya Independence;;;;;;;;;;;;x,,
gtfo_X04_desc;We've had a good run, but it's time to end our rulership of Anbiya: if you love something, let it go!;;;;;;;;;;;;x
gtfo_X05_title;Grant Ghana Independence;;;;;;;;;;;;x,,
gtfo_X05_desc;We've had a good run, but it's time to end our rulership of Ghana: if you love something, let it go!;;;;;;;;;;;;x
gtfo_X06_title;Grant Sao Independence;;;;;;;;;;;;x,,
gtfo_X06_desc;We've had a good run, but it's time to end our rulership of Sao: if you love something, let it go!;;;;;;;;;;;;x
gtfo_X07_title;Grant Tahert Independence;;;;;;;;;;;;x,,
gtfo_X07_desc;We've had a good run, but it's time to end our rulership of Tahert: if you love something, let it go!;;;;;;;;;;;;x
gtfo_X08_title;Grant Ife Independence;;;;;;;;;;;;x,,
gtfo_X08_desc;We've had a good run, but it's time to end our rulership of Ife: if you love something, let it go!;;;;;;;;;;;;x
gtfo_X09_title;Grant Igboland Independence;;;;;;;;;;;;x,,
gtfo_X09_desc;We've had a good run, but it's time to end our rulership of Igboland: if you love something, let it go!;;;;;;;;;;;;x
gtfo_X10_title;Grant Nordgau Independence;;;;;;;;;;;;x,,
gtfo_X10_desc;We've had a good run, but it's time to end our rulership of Nordgau: if you love something, let it go!;;;;;;;;;;;;x
gtfo_X11_title;Grant Romagna Independence;;;;;;;;;;;;x,,
gtfo_X11_desc;We've had a good run, but it's time to end our rulership of Romagna: if you love something, let it go!;;;;;;;;;;;;x
gtfo_X12_title;Grant Tadmekka Independence;;;;;;;;;;;;x,,
gtfo_X12_desc;We've had a good run, but it's time to end our rulership of Tadmekka: if you love something, let it go!;;;;;;;;;;;;x
gtfo_X13_title;Grant Upper Gurma Independence;;;;;;;;;;;;x,,
gtfo_X13_desc;We've had a good run, but it's time to end our rulership of Upper Gurma: if you love something, let it go!;;;;;;;;;;;;x
gtfo_X14_title;Grant Vodamayutja Independence;;;;;;;;;;;;x,,
gtfo_X14_desc;We've had a good run, but it's time to end our rulership of Vodamayutja: if you love something, let it go!;;;;;;;;;;;;x
gtfo_X15_title;Grant West Franconia Independence;;;;;;;;;;;;x,,
gtfo_X15_desc;We've had a good run, but it's time to end our rulership of West Franconia: if you love something, let it go!;;;;;;;;;;;;x
gtfo_X16_title;Grant Worodugu Independence;;;;;;;;;;;;x,,
gtfo_X16_desc;We've had a good run, but it's time to end our rulership of Worodugu: if you love something, let it go!;;;;;;;;;;;;x
gtfo_X17_title;Grant Australia Independence;;;;;;;;;;;;x,,
gtfo_X17_desc;We've had a good run, but it's time to end our rulership of Australia: if you love something, let it go!;;;;;;;;;;;;x
gtfo_X18_title;Grant Portuguese Australia Independence;;;;;;;;;;;;x,,
gtfo_X18_desc;We've had a good run, but it's time to end our rulership of Portuguese Australia: if you love something, let it go!;;;;;;;;;;;;x
gtfo_XMA_title;Grant Tamilakam Independence;;;;;;;;;;;;x,,
gtfo_XMA_desc;We've had a good run, but it's time to end our rulership of Tamilakam: if you love something, let it go!;;;;;;;;;;;;x
gtfo_YAT_title;Grant Yatenga Independence;;;;;;;;;;;;x,,
gtfo_YAT_desc;We've had a good run, but it's time to end our rulership of Yatenga: if you love something, let it go!;;;;;;;;;;;;x
gtfo_YKA_title;Grant Yaka Independence;;;;;;;;;;;;x,,
gtfo_YKA_desc;We've had a good run, but it's time to end our rulership of Yaka: if you love something, let it go!;;;;;;;;;;;;x
gtfo_ZIM_title;Grant Mutapa Independence;;;;;;;;;;;;x,,
gtfo_ZIM_desc;We've had a good run, but it's time to end our rulership of Mutapa: if you love something, let it go!;;;;;;;;;;;;x
gtfo_ZUL_title;Grant Zulu Independence;;;;;;;;;;;;x,,
gtfo_ZUL_desc;We've had a good run, but it's time to end our rulership of Zulu: if you love something, let it go!;;;;;;;;;;;;x
